﻿Designator,Footprint,Quantity,Value,LCSC Part #
"BOOT1, EN1",JST_PH_S2B-PH-K_1x02_P2.00mm_Horizontal,2,Conn_01x02_Female,C265016
BYPASS-1,JST_PH_B2B-PH-K_1x02_P2.00mm_Vertical,1,Conn_01x02_Female,C131337
BZ1,BUZ-TH_BD12.0-P7.60-D0.6-FD,1,Buzzer,C96095
"C1, C2",0603,2,0.1uF,C14663
"C10, C11, C12, C3, C4, C5, C6, C7, C8, C9",0603,10,33nF,C21117
"C13, C16, C17, C22",0603,4,100nF,C14663
C14,CP_Radial_D5.0mm_P2.00mm,1,10uF,C88726
C15,0603,1,1uF,C15849
"C18, C19, C23",CP_Radial_D5.0mm_P2.00mm,3,4.7uF,C88759
"C20, C21",0603,2,20pF,C1648
D2,0603,1,LED,C2286
"D3, D4",D_SMA,2,SS14,C2480
"ESTOP1, ESTOP2, R-G-LED1",JST_PH_B3B-PH-K_1x03_P2.00mm_Vertical,3,Conn_01x03_Female,C131339
F1,Fuseholder_Cylinder-5x20mm_Stelvio-Kontek_PTF78_Horizontal_Open,1,Fuse,C717030
F2,Fuseholder_Cylinder-5x20mm_Stelvio-Kontek_PTF78_Horizontal_Open,1,Fuse,
"I2C-2, I2C-3",JST_PH_B4B-PH-K_1x04_P2.00mm_Vertical,2,Conn_01x04_Female,C131334
IN-1,Jack_3.5mm_CUI_SJ1-3525N_Horizontal,1,H/L1,C692542
IN-2,Jack_3.5mm_CUI_SJ1-3525N_Horizontal,1,N/L2,C692542
IN-3,Jack_3.5mm_CUI_SJ1-3525N_Horizontal,1,VOLTS,C692542
"J1, J17, J18",CONN-TH_6P-P5.00_MX128-5.0-06P-GN01-CU-Y-A,3,Screw_Terminal_01x06,
J13,USB_A_Stewart_SS-52100-001_Horizontal,1,USB_A,C65604
J16,PinSocket_1x16_P2.54mm_Vertical,1,Conn_01x16,C2905421
J3,PinSocket_1x12_P2.54mm_Vertical,1,Conn_01x12,C2905419
J5,USB-C-TH_GT-USB-7055,1,USB_C_Receptacle_USB2.0_16P,
"JP1, JP10, JP11, JP15, JP16, JP17, JP2, JP3, JP4, JP5, JP8, JP9",SolderJumper-2_P1.3mm_Open_RoundedPad1.0x1.5mm,12,no-filter-1,
"JP12, JP18, JP19, JP6, JP7",SolderJumper-2_P1.3mm_Bridged_RoundedPad1.0x1.5mm,5,bridged,
"JP13, JP14",SolderJumper-3_P1.3mm_Bridged12_RoundedPad1.0x1.5mm,2,SolderJumper_3_Bridged12,
"R1, R14, R15, R16, R17, R18, R20, R21, R26, R27, R29, R36, R5, R6",0603,14,1k,C21190
"R10, R11, R12, R9",0603,4,100,C22775
"R13, R19",0603,2,499k,C131054
"R2, R22, R23, R24, R25, R28, R3, R30, R34, R35, R37, R4",0603,12,10k,C25804
"R7, R8",0603,2,2.2k,C4190
"RELAY1, RELAY2",Relay_SPDT_SANYOU_SRD_Series_Form_C,2,JQC-3FF/005-1ZS(551),C9221
SPI-1,JST_PH_B6B-PH-K_1x06_P2.00mm_Vertical,1,Conn_01x06_Female,C131342
"T1, T2, T3, T4, T6, T7",SOT-23,6,AO3400A,C427382
U2,LFCSP-28-1EP_5x5mm_P0.5mm_EP3.14x3.14mm,1,ADE7953xCP,C515890
U3,SOT-223-3_TabPin2,1,AMS1117-3.3,C6186
Y1,Crystal_HC49-4H_Vertical,1,3.58MHz,C2826865
